-- phpMyAdmin SQL Dump
-- version 5.2.1
-- https://www.phpmyadmin.net/
--
-- Host: 127.0.0.1
-- Waktu pembuatan: 09 Feb 2025 pada 21.33
-- Versi server: 10.4.32-MariaDB
-- Versi PHP: 8.2.12

SET SQL_MODE = "NO_AUTO_VALUE_ON_ZERO";
START TRANSACTION;
SET time_zone = "+00:00";


/*!40101 SET @OLD_CHARACTER_SET_CLIENT=@@CHARACTER_SET_CLIENT */;
/*!40101 SET @OLD_CHARACTER_SET_RESULTS=@@CHARACTER_SET_RESULTS */;
/*!40101 SET @OLD_COLLATION_CONNECTION=@@COLLATION_CONNECTION */;
/*!40101 SET NAMES utf8mb4 */;

--
-- Database: `kasir`
--

-- --------------------------------------------------------

--
-- Struktur dari tabel `detail_penjualan`
--

CREATE TABLE `detail_penjualan` (
  `id_detail` int(11) NOT NULL,
  `id_penjualan` int(11) DEFAULT NULL,
  `id_produk` int(11) DEFAULT NULL,
  `jumlah_produk` int(11) DEFAULT NULL,
  `sub_total` int(11) DEFAULT NULL
) ENGINE=InnoDB DEFAULT CHARSET=utf8mb4 COLLATE=utf8mb4_general_ci;

--
-- Dumping data untuk tabel `detail_penjualan`
--

INSERT INTO `detail_penjualan` (`id_detail`, `id_penjualan`, `id_produk`, `jumlah_produk`, `sub_total`) VALUES
(6, 7, 1, 1, 90000),
(7, 7, 6, 12, 600000),
(8, 8, 1, 1, 90000),
(9, 8, 6, 12, 600000),
(10, 9, 6, 5, 250000),
(11, 9, 7, 8, 24000);

-- --------------------------------------------------------

--
-- Struktur dari tabel `pelanggan`
--

CREATE TABLE `pelanggan` (
  `id_pelanggan` int(11) NOT NULL,
  `nama_pelanggan` varchar(255) DEFAULT NULL,
  `alamat` text DEFAULT NULL,
  `no_telepon` varchar(255) DEFAULT NULL
) ENGINE=InnoDB DEFAULT CHARSET=utf8mb4 COLLATE=utf8mb4_general_ci;

--
-- Dumping data untuk tabel `pelanggan`
--

INSERT INTO `pelanggan` (`id_pelanggan`, `nama_pelanggan`, `alamat`, `no_telepon`) VALUES
(1, 'Bambang ', 'jl. BambangKrajan', '0812351523341'),
(3, 'Rijal', 'Balepanjang, Gresik', '0853761783'),
(4, ' Hery   ', 'Pasiran,lemah putih', '0987654');

-- --------------------------------------------------------

--
-- Struktur dari tabel `penjualan`
--

CREATE TABLE `penjualan` (
  `id_penjualan` int(11) NOT NULL,
  `tanggal_penjualan` date DEFAULT NULL,
  `total_harga` int(11) DEFAULT NULL,
  `id_pelanggan` int(11) DEFAULT NULL
) ENGINE=InnoDB DEFAULT CHARSET=utf8mb4 COLLATE=utf8mb4_general_ci;

--
-- Dumping data untuk tabel `penjualan`
--

INSERT INTO `penjualan` (`id_penjualan`, `tanggal_penjualan`, `total_harga`, `id_pelanggan`) VALUES
(7, '2025-01-20', 690000, 1),
(8, '2025-01-20', 690000, 1),
(9, '2025-02-09', 274000, 4);

-- --------------------------------------------------------

--
-- Struktur dari tabel `produk`
--

CREATE TABLE `produk` (
  `id_produk` int(11) NOT NULL,
  `nama_produk` varchar(255) DEFAULT NULL,
  `harga` int(11) DEFAULT NULL,
  `stok` int(11) DEFAULT NULL
) ENGINE=InnoDB DEFAULT CHARSET=utf8mb4 COLLATE=utf8mb4_general_ci;

--
-- Dumping data untuk tabel `produk`
--

INSERT INTO `produk` (`id_produk`, `nama_produk`, `harga`, `stok`) VALUES
(1, 'Celana', 90000, 2),
(6, 'spidol', 50000, 20),
(7, 'bulpen', 3000, 25);

-- --------------------------------------------------------

--
-- Struktur dari tabel `users`
--

CREATE TABLE `users` (
  `id_user` int(11) NOT NULL,
  `nama` varchar(255) DEFAULT NULL,
  `username` varchar(255) DEFAULT NULL,
  `password` varchar(255) DEFAULT NULL,
  `role` enum('Admin','Petugas') DEFAULT NULL
) ENGINE=InnoDB DEFAULT CHARSET=utf8mb4 COLLATE=utf8mb4_general_ci;

--
-- Dumping data untuk tabel `users`
--

INSERT INTO `users` (`id_user`, `nama`, `username`, `password`, `role`) VALUES
(1, 'Koirul', 'admin1', 'e00cf25ad42683b3df678c61f42c6bda', 'Admin'),
(11, 'Beni', 'petugas1', 'b53fe7751b37e40ff34d012c7774d65f', 'Petugas'),
(12, 'Rokim', 'rokim', 'rokim', 'Admin'),
(13, 'akbar', 'akbar9', '78a4792c0ffdfac0cba61a587501543e', 'Admin');

--
-- Indexes for dumped tables
--

--
-- Indeks untuk tabel `detail_penjualan`
--
ALTER TABLE `detail_penjualan`
  ADD PRIMARY KEY (`id_detail`);

--
-- Indeks untuk tabel `pelanggan`
--
ALTER TABLE `pelanggan`
  ADD PRIMARY KEY (`id_pelanggan`);

--
-- Indeks untuk tabel `penjualan`
--
ALTER TABLE `penjualan`
  ADD PRIMARY KEY (`id_penjualan`);

--
-- Indeks untuk tabel `produk`
--
ALTER TABLE `produk`
  ADD PRIMARY KEY (`id_produk`);

--
-- Indeks untuk tabel `users`
--
ALTER TABLE `users`
  ADD PRIMARY KEY (`id_user`);

--
-- AUTO_INCREMENT untuk tabel yang dibuang
--

--
-- AUTO_INCREMENT untuk tabel `detail_penjualan`
--
ALTER TABLE `detail_penjualan`
  MODIFY `id_detail` int(11) NOT NULL AUTO_INCREMENT, AUTO_INCREMENT=12;

--
-- AUTO_INCREMENT untuk tabel `pelanggan`
--
ALTER TABLE `pelanggan`
  MODIFY `id_pelanggan` int(11) NOT NULL AUTO_INCREMENT, AUTO_INCREMENT=6;

--
-- AUTO_INCREMENT untuk tabel `penjualan`
--
ALTER TABLE `penjualan`
  MODIFY `id_penjualan` int(11) NOT NULL AUTO_INCREMENT, AUTO_INCREMENT=10;

--
-- AUTO_INCREMENT untuk tabel `produk`
--
ALTER TABLE `produk`
  MODIFY `id_produk` int(11) NOT NULL AUTO_INCREMENT, AUTO_INCREMENT=8;

--
-- AUTO_INCREMENT untuk tabel `users`
--
ALTER TABLE `users`
  MODIFY `id_user` int(11) NOT NULL AUTO_INCREMENT, AUTO_INCREMENT=14;
COMMIT;

/*!40101 SET CHARACTER_SET_CLIENT=@OLD_CHARACTER_SET_CLIENT */;
/*!40101 SET CHARACTER_SET_RESULTS=@OLD_CHARACTER_SET_RESULTS */;
/*!40101 SET COLLATION_CONNECTION=@OLD_COLLATION_CONNECTION */;
